{
  "forecast_origin": "2026-07-13",
  "last_observed_close": 1800.54,
  "expected_terminal_close": 1828.1136868778915,
  "median_terminal_close": 1826.4086991754782,
  "expected_return": 0.015314120695953216,
  "median_return": 0.01436718938511683,
  "probability_positive_return": 0.603375,
  "probability_negative_return": 0.396625,
  "var_95": -0.07591579519403109,
  "var_99": -0.1154974224780565,
  "expected_shortfall_95": -0.09966989229546297,
  "expected_shortfall_99": -0.13540082746181886,
  "expected_maximum_drawdown": -0.04521354033719981,
  "median_maximum_drawdown": -0.03983753278342844,
  "maximum_drawdown_quantiles": {
    "0.05": -0.09429108166155468,
    "0.5": -0.03983753278342844,
    "0.95": -0.014134093989595536
  },
  "drawdown_probabilities": {
    "0.03": 0.678125,
    "0.05": 0.3503,
    "0.07": 0.158675,
    "0.1": 0.0378
  },
  "simulation_method": "hybrid",
  "number_of_paths": 40000,
  "random_seed": 55,
  "student_weight": 0.35,
  "regime_pool_fallback_count": 0,
  "adaptive_stopping": true,
  "stopping_reason": "maximum_paths",
  "model_uncertainty": {
    "seed_terminal_return_std": 0.000967629649096545,
    "terminal_95_interval_width": 389.22866355393353
  },
  "point_center": {
    "mode": "random_walk_drift_fallback",
    "alpha": 0.0,
    "horizon_return": 0.009169458248707891
  },
  "conformal": {
    "method": "regime_stratified",
    "window": null,
    "latest_multiplier_95": 2.804431156580905,
    "volatility_scale": 1.4031857487502992
  },
  "importance_sampling": {
    "acceptance_reason": "ESS gate passed; selected highest MDD-7 variance reduction",
    "ess": 16047.693803095366,
    "ess_ratio": 0.8023846901547683,
    "variance_reduction_ratio_mdd_7": 1.382994451715616
  },
  "data_hash": "b9223de5500676ccd64fdb29edc27bf2c28bc04f424397dd3058e674737ea379",
  "model_version": "1.1.0-experimental",
  "trading_date_note": "Ngày làm việc gần đúng; chưa loại ngày nghỉ chính thức HOSE.",
  "drawdown_anchor_modes": [
    "origin_peak",
    "historical_peak"
  ],
  "origin_peak_drawdown": {
    "anchor_mode": "origin_peak",
    "expected_ending_drawdown_severity": 0.028372973014678705,
    "median_ending_drawdown_severity": 0.02072464263836371,
    "expected_maximum_drawdown_severity": 0.04521354033719981,
    "median_maximum_drawdown_severity": 0.03983753278342844,
    "mdar_80": 0.06436387017841948,
    "mdar_90": 0.08042203831072389,
    "mdar_95": 0.09429108166155468,
    "mdar_975": 0.10723434197507391,
    "mdar_99": 0.1235635729031602,
    "ced_90": 0.099518574574308,
    "ced_95": 0.11234157428293674,
    "ced_99": 0.139269012287864,
    "first_passage": {
      "0.03": {
        "probability_breach_by_horizon": 0.678125,
        "probability_no_breach_by_horizon": 0.321875,
        "median_time_to_breach": 9.0,
        "conditional_expected_time_to_breach": 9.758341013824884,
        "probability_breach_within_5": 0.17715,
        "probability_breach_within_10": 0.3922,
        "probability_breach_within_20": 0.678125
      },
      "0.05": {
        "probability_breach_by_horizon": 0.3503,
        "probability_no_breach_by_horizon": 0.6496999999999999,
        "median_time_to_breach": 12.0,
        "conditional_expected_time_to_breach": 11.93105909220668,
        "probability_breach_within_5": 0.042,
        "probability_breach_within_10": 0.14195,
        "probability_breach_within_20": 0.3503
      },
      "0.07": {
        "probability_breach_by_horizon": 0.158675,
        "probability_no_breach_by_horizon": 0.841325,
        "median_time_to_breach": 14.0,
        "conditional_expected_time_to_breach": 13.47896644083819,
        "probability_breach_within_5": 0.00785,
        "probability_breach_within_10": 0.04315,
        "probability_breach_within_20": 0.158675
      },
      "0.1": {
        "probability_breach_by_horizon": 0.0378,
        "probability_no_breach_by_horizon": 0.9621999999999999,
        "median_time_to_breach": 16.0,
        "conditional_expected_time_to_breach": 15.20568783068783,
        "probability_breach_within_5": 0.0002,
        "probability_breach_within_10": 0.00495,
        "probability_breach_within_20": 0.0378
      },
      "0.15": {
        "probability_breach_by_horizon": 0.0019,
        "probability_no_breach_by_horizon": 0.9981,
        "median_time_to_breach": 18.0,
        "conditional_expected_time_to_breach": 17.144736842105264,
        "probability_breach_within_5": 0.0,
        "probability_breach_within_10": 0.0001,
        "probability_breach_within_20": 0.0019
      }
    }
  },
  "historical_peak_drawdown": {
    "anchor_mode": "historical_peak",
    "expected_ending_drawdown_severity": 0.0579693197678499,
    "median_ending_drawdown_severity": 0.05333397712301802,
    "expected_maximum_drawdown_severity": 0.09089419809018223,
    "median_maximum_drawdown_severity": 0.08486869367821875,
    "mdar_80": 0.11329184384102961,
    "mdar_90": 0.1305935118785734,
    "mdar_95": 0.1451955756117185,
    "mdar_975": 0.15894090993419804,
    "mdar_99": 0.17529361767345558,
    "ced_90": 0.1504138643491932,
    "ced_95": 0.16351768726147153,
    "ced_99": 0.19018249681781846,
    "first_passage": {
      "0.03": {
        "probability_breach_by_horizon": 0.999525,
        "probability_no_breach_by_horizon": 0.0004750000000000032,
        "median_time_to_breach": 1.0,
        "conditional_expected_time_to_breach": 1.0115805007378504,
        "probability_breach_within_5": 0.998675,
        "probability_breach_within_10": 0.999075,
        "probability_breach_within_20": 0.999525
      },
      "0.05": {
        "probability_breach_by_horizon": 0.98435,
        "probability_no_breach_by_horizon": 0.015650000000000053,
        "median_time_to_breach": 1.0,
        "conditional_expected_time_to_breach": 1.1779600751765125,
        "probability_breach_within_5": 0.972025,
        "probability_breach_within_10": 0.97815,
        "probability_breach_within_20": 0.98435
      },
      "0.07": {
        "probability_breach_by_horizon": 0.74225,
        "probability_no_breach_by_horizon": 0.25775000000000003,
        "median_time_to_breach": 2.0,
        "conditional_expected_time_to_breach": 4.040417649040081,
        "probability_breach_within_5": 0.569075,
        "probability_breach_within_10": 0.667575,
        "probability_breach_within_20": 0.74225
      },
      "0.1": {
        "probability_breach_by_horizon": 0.3169,
        "probability_no_breach_by_horizon": 0.6831,
        "median_time_to_breach": 9.0,
        "conditional_expected_time_to_breach": 9.47846323761439,
        "probability_breach_within_5": 0.08745,
        "probability_breach_within_10": 0.19165,
        "probability_breach_within_20": 0.3169
      },
      "0.15": {
        "probability_breach_by_horizon": 0.0396,
        "probability_no_breach_by_horizon": 0.9604,
        "median_time_to_breach": 15.0,
        "conditional_expected_time_to_breach": 14.289772727272727,
        "probability_breach_within_5": 0.00075,
        "probability_breach_within_10": 0.00785,
        "probability_breach_within_20": 0.0396
      }
    }
  },
  "rolling_peak_drawdown": {
    "anchor_mode": "rolling_peak",
    "expected_ending_drawdown_severity": 0.0579693197678499,
    "median_ending_drawdown_severity": 0.05333397712301802,
    "expected_maximum_drawdown_severity": 0.09089419809018223,
    "median_maximum_drawdown_severity": 0.08486869367821875,
    "mdar_80": 0.11329184384102961,
    "mdar_90": 0.1305935118785734,
    "mdar_95": 0.1451955756117185,
    "mdar_975": 0.15894090993419804,
    "mdar_99": 0.17529361767345558,
    "ced_90": 0.1504138643491932,
    "ced_95": 0.16351768726147153,
    "ced_99": 0.19018249681781846,
    "first_passage": {
      "0.03": {
        "probability_breach_by_horizon": 0.999525,
        "probability_no_breach_by_horizon": 0.0004750000000000032,
        "median_time_to_breach": 1.0,
        "conditional_expected_time_to_breach": 1.0115805007378504,